id,error_type,grammatical_error_sentence,correct_sentence
1,Error2,மாடு மேய்கிறது.,மாடு மேய்ந்தது.
2,Error2,அவர் எழுதுகிறார்.,அவர் எழுதினார்.
3,Error1,மரம் வளர்கிறது.,மரம் வளர்கின்றது.
4,Error1,அவள் வண்டியை ஓட்டுகிறான்.,அவள் வண்டியை ஓட்டுகிறாள்.
5,Error1,அவர்கள் சிரிக்கிறான்.,அவர்கள் சிரிக்கிறார்கள்.
6,Error1,நாய் ஓடுகிறது.,நாய் ஓடுகின்றது.
7,Error2,குடும்பம் உணவருந்தும்.,குடும்பம் உணவருந்தியது.
8,Error1,மரம் வளர்கிறது.,மரம் வளர்கின்றது.
9,Error1,நாய் ஓடுகிறது.,நாய் ஓடுகின்றது.
10,Error2,அவர்கள் ஆடுகிறார்கள்.,அவர்கள் ஆடினர்.
11,Error1,அவர்கள் சிரிக்கிறான்.,அவர்கள் சிரிக்கிறார்கள்.
12,Error2,அவர்கள் பாடுகிறார்கள்.,அவர்கள் பாடினர்.
13,Error1,அவர்கள் சிரிக்கிறான்.,அவர்கள் சிரிக்கிறார்கள்.
14,Error1,கிளிகள் பறக்கிறான்.,கிளிகள் பறக்கின்றன.
15,Error1,பசுக்கள் மேய்கிறது.,பசுக்கள் மேய்கின்றன.
16,Error1,கிளிகள் பறக்கிறான்.,கிளிகள் பறக்கின்றன.
17,Error2,அந்த நாள் மழை பெய்கிறது.,அந்த நாள் மழை பெய்தது.
18,Error1,கோபுரம் உலருகிறான்.,கோபுரம் உலர்கின்றது.
19,Error2,அவர் எழுதுகிறார்.,அவர் எழுதினார்.
20,Error1,அவர் தண்ணீர் குடிக்கிறான்.,அவர் தண்ணீர் குடிக்கிறார்.
21,Error1,மரம் வளர்கிறது.,மரம் வளர்கின்றது.
22,Error1,சிறுமி கதைசொல்கிறான்.,சிறுமி கதைசொல்கிறாள்.
23,Error1,அவர் தண்ணீர் குடிக்கிறான்.,அவர் தண்ணீர் குடிக்கிறார்.
24,Error1,கிளிகள் பறக்கிறான்.,கிளிகள் பறக்கின்றன.
25,Error1,அவர் தண்ணீர் குடிக்கிறான்.,அவர் தண்ணீர் குடிக்கிறார்.
26,Error1,சிறுமி கதைசொல்கிறான்.,சிறுமி கதைசொல்கிறாள்.
27,Error2,நான் படிக்கிறேன்.,நான் படித்தேன்.
28,Error2,நான் படிக்கிறேன்.,நான் படித்தேன்.
29,Error1,கோபுரம் உலருகிறான்.,கோபுரம் உலர்கின்றது.
30,Error2,மாடு மேய்கிறது.,மாடு மேய்ந்தது.
31,Error1,கோபுரம் உலருகிறான்.,கோபுரம் உலர்கின்றது.
32,Error1,கிளிகள் பறக்கிறான்.,கிளிகள் பறக்கின்றன.
33,Error1,அவள் வண்டியை ஓட்டுகிறான்.,அவள் வண்டியை ஓட்டுகிறாள்.
34,Error1,அவள் வண்டியை ஓட்டுகிறான்.,அவள் வண்டியை ஓட்டுகிறாள்.
35,Error1,அவன் பாடுகிறான்.,அவள் பாடுகிறாள்.
36,Error1,மரம் வளர்கிறது.,மரம் வளர்கின்றது.
37,Error2,குடும்பம் உணவருந்தும்.,குடும்பம் உணவருந்தியது.
38,Error2,மாடு மேய்கிறது.,மாடு மேய்ந்தது.
39,Error1,நாய் ஓடுகிறது.,நாய் ஓடுகின்றது.
40,Error2,நான் படிக்கிறேன்.,நான் படித்தேன்.
41,Error2,குடும்பம் உணவருந்தும்.,குடும்பம் உணவருந்தியது.
42,Error1,நாய் ஓடுகிறது.,நாய் ஓடுகின்றது.
43,Error1,கோபுரம் உலருகிறான்.,கோபுரம் உலர்கின்றது.
44,Error1,மரம் வளர்கிறது.,மரம் வளர்கின்றது.
45,Error1,அவள் வண்டியை ஓட்டுகிறான்.,அவள் வண்டியை ஓட்டுகிறாள்.
46,Error1,அவர்கள் சிரிக்கிறான்.,அவர்கள் சிரிக்கிறார்கள்.
47,Error2,நான் விளையாடுகிறேன்.,நான் விளையாடினேன்.
48,Error1,அவள் வண்டியை ஓட்டுகிறான்.,அவள் வண்டியை ஓட்டுகிறாள்.
49,Error2,மாடு மேய்கிறது.,மாடு மேய்ந்தது.
50,Error1,பசுக்கள் மேய்கிறது.,பசுக்கள் மேய்கின்றன.
51,Error1,நாய் ஓடுகிறது.,நாய் ஓடுகின்றது.
52,Error1,கோபுரம் உலருகிறான்.,கோபுரம் உலர்கின்றது.
53,Error1,அவர்கள் சிரிக்கிறான்.,அவர்கள் சிரிக்கிறார்கள்.
54,Error1,அவர்கள் சிரிக்கிறான்.,அவர்கள் சிரிக்கிறார்கள்.
55,Error1,அவர் தண்ணீர் குடிக்கிறான்.,அவர் தண்ணீர் குடிக்கிறார்.
56,Error2,மாடு மேய்கிறது.,மாடு மேய்ந்தது.
57,Error1,அவர்கள் சிரிக்கிறான்.,அவர்கள் சிரிக்கிறார்கள்.
58,Error1,நாய் ஓடுகிறது.,நாய் ஓடுகின்றது.
59,Error2,நான் விளையாடுகிறேன்.,நான் விளையாடினேன்.
60,Error1,கிளிகள் பறக்கிறான்.,கிளிகள் பறக்கின்றன.
61,Error2,நான் விளையாடுகிறேன்.,நான் விளையாடினேன்.
62,Error2,மாடு மேய்கிறது.,மாடு மேய்ந்தது.
63,Error2,அவள் சிரிக்கிறாள்.,அவள் சிரித்தாள்.
64,Error2,நான் விளையாடுகிறேன்.,நான் விளையாடினேன்.
65,Error2,நேற்று நான் செல்வேன்.,நேற்று நான் சென்றேன்.
66,Error1,நாய் ஓடுகிறது.,நாய் ஓடுகின்றது.
67,Error2,நான் விளையாடுகிறேன்.,நான் விளையாடினேன்.
68,Error2,நான் விளையாடுகிறேன்.,நான் விளையாடினேன்.
69,Error2,அவர் எழுதுகிறார்.,அவர் எழுதினார்.
70,Error2,குடும்பம் உணவருந்தும்.,குடும்பம் உணவருந்தியது.
71,Error1,அவள் வண்டியை ஓட்டுகிறான்.,அவள் வண்டியை ஓட்டுகிறாள்.
72,Error1,அவள் வண்டியை ஓட்டுகிறான்.,அவள் வண்டியை ஓட்டுகிறாள்.
73,Error2,நான் விளையாடுகிறேன்.,நான் விளையாடினேன்.
74,Error1,நாய் ஓடுகிறது.,நாய் ஓடுகின்றது.
75,Error2,அவர் எழுதுகிறார்.,அவர் எழுதினார்.
76,Error2,மாடு மேய்கிறது.,மாடு மேய்ந்தது.
77,Error2,மாடு மேய்கிறது.,மாடு மேய்ந்தது.
78,Error1,சிறுமி கதைசொல்கிறான்.,சிறுமி கதைசொல்கிறாள்.
79,Error2,அவள் சிரிக்கிறாள்.,அவள் சிரித்தாள்.
80,Error2,நான் விளையாடுகிறேன்.,நான் விளையாடினேன்.
81,Error2,நேற்று நான் செல்வேன்.,நேற்று நான் சென்றேன்.
82,Error1,கிளிகள் பறக்கிறான்.,கிளிகள் பறக்கின்றன.
83,Error2,அவர்கள் பாடுகிறார்கள்.,அவர்கள் பாடினர்.
84,Error1,அவள் வண்டியை ஓட்டுகிறான்.,அவள் வண்டியை ஓட்டுகிறாள்.
85,Error2,அவர் எழுதுகிறார்.,அவர் எழுதினார்.
86,Error1,அவள் வண்டியை ஓட்டுகிறான்.,அவள் வண்டியை ஓட்டுகிறாள்.
87,Error1,சிறுமி கதைசொல்கிறான்.,சிறுமி கதைசொல்கிறாள்.
88,Error1,அவர் தண்ணீர் குடிக்கிறான்.,அவர் தண்ணீர் குடிக்கிறார்.
89,Error1,நாய் ஓடுகிறது.,நாய் ஓடுகின்றது.
90,Error2,அந்த நாள் மழை பெய்கிறது.,அந்த நாள் மழை பெய்தது.
91,Error1,கிளிகள் பறக்கிறான்.,கிளிகள் பறக்கின்றன.
92,Error2,அவள் சிரிக்கிறாள்.,அவள் சிரித்தாள்.
93,Error1,மரம் வளர்கிறது.,மரம் வளர்கின்றது.
94,Error2,அந்த நாள் மழை பெய்கிறது.,அந்த நாள் மழை பெய்தது.
95,Error1,அவர்கள் சிரிக்கிறான்.,அவர்கள் சிரிக்கிறார்கள்.
96,Error1,அவன் பாடுகிறான்.,அவள் பாடுகிறாள்.
97,Error1,மரம் வளர்கிறது.,மரம் வளர்கின்றது.
98,Error1,அவர்கள் சிரிக்கிறான்.,அவர்கள் சிரிக்கிறார்கள்.
99,Error2,மாடு மேய்கிறது.,மாடு மேய்ந்தது.
100,Error2,அவர் எழுதுகிறார்.,அவர் எழுதினார்.
101,Error2,மாடு மேய்கிறது.,மாடு மேய்ந்தது.
102,Error2,நேற்று நான் செல்வேன்.,நேற்று நான் சென்றேன்.
103,Error1,அவன் பாடுகிறான்.,அவள் பாடுகிறாள்.
104,Error2,அவர்கள் ஆடுகிறார்கள்.,அவர்கள் ஆடினர்.
105,Error2,அந்த நாள் மழை பெய்கிறது.,அந்த நாள் மழை பெய்தது.
106,Error2,நான் படிக்கிறேன்.,நான் படித்தேன்.
107,Error1,மரம் வளர்கிறது.,மரம் வளர்கின்றது.
108,Error1,நாய் ஓடுகிறது.,நாய் ஓடுகின்றது.
109,Error2,அவர்கள் பாடுகிறார்கள்.,அவர்கள் பாடினர்.
110,Error2,அந்த நாள் மழை பெய்கிறது.,அந்த நாள் மழை பெய்தது.
111,Error1,நாய் ஓடுகிறது.,நாய் ஓடுகின்றது.
112,Error2,அவர் எழுதுகிறார்.,அவர் எழுதினார்.
113,Error2,அவர்கள் ஆடுகிறார்கள்.,அவர்கள் ஆடினர்.
114,Error2,அவர்கள் ஆடுகிறார்கள்.,அவர்கள் ஆடினர்.
115,Error1,அவர் தண்ணீர் குடிக்கிறான்.,அவர் தண்ணீர் குடிக்கிறார்.
116,Error2,அந்த நாள் மழை பெய்கிறது.,அந்த நாள் மழை பெய்தது.
117,Error1,அவன் பாடுகிறான்.,அவள் பாடுகிறாள்.
118,Error1,சிறுமி கதைசொல்கிறான்.,சிறுமி கதைசொல்கிறாள்.
119,Error1,அவன் பாடுகிறான்.,அவள் பாடுகிறாள்.
120,Error1,மரம் வளர்கிறது.,மரம் வளர்கின்றது.
121,Error1,கிளிகள் பறக்கிறான்.,கிளிகள் பறக்கின்றன.
122,Error1,பசுக்கள் மேய்கிறது.,பசுக்கள் மேய்கின்றன.
123,Error1,சிறுமி கதைசொல்கிறான்.,சிறுமி கதைசொல்கிறாள்.
124,Error1,பசுக்கள் மேய்கிறது.,பசுக்கள் மேய்கின்றன.
125,Error2,அவர்கள் ஆடுகிறார்கள்.,அவர்கள் ஆடினர்.
126,Error2,நான் விளையாடுகிறேன்.,நான் விளையாடினேன்.
127,Error1,கோபுரம் உலருகிறான்.,கோபுரம் உலர்கின்றது.
128,Error2,நேற்று நான் செல்வேன்.,நேற்று நான் சென்றேன்.
129,Error2,மாடு மேய்கிறது.,மாடு மேய்ந்தது.
130,Error2,அவர்கள் பாடுகிறார்கள்.,அவர்கள் பாடினர்.
131,Error2,அவர் எழுதுகிறார்.,அவர் எழுதினார்.
132,Error1,கோபுரம் உலருகிறான்.,கோபுரம் உலர்கின்றது.
133,Error1,மரம் வளர்கிறது.,மரம் வளர்கின்றது.
134,Error1,கோபுரம் உலருகிறான்.,கோபுரம் உலர்கின்றது.
135,Error2,நான் விளையாடுகிறேன்.,நான் விளையாடினேன்.
136,Error2,அவர்கள் பாடுகிறார்கள்.,அவர்கள் பாடினர்.
137,Error1,அவர்கள் சிரிக்கிறான்.,அவர்கள் சிரிக்கிறார்கள்.
138,Error2,மாடு மேய்கிறது.,மாடு மேய்ந்தது.
139,Error2,நேற்று நான் செல்வேன்.,நேற்று நான் சென்றேன்.
140,Error1,கிளிகள் பறக்கிறான்.,கிளிகள் பறக்கின்றன.
141,Error1,கோபுரம் உலருகிறான்.,கோபுரம் உலர்கின்றது.
142,Error1,அவன் பாடுகிறான்.,அவள் பாடுகிறாள்.
143,Error2,அவர்கள் ஆடுகிறார்கள்.,அவர்கள் ஆடினர்.
144,Error2,மாடு மேய்கிறது.,மாடு மேய்ந்தது.
145,Error1,நாய் ஓடுகிறது.,நாய் ஓடுகின்றது.
146,Error2,அவள் சிரிக்கிறாள்.,அவள் சிரித்தாள்.
147,Error2,மாடு மேய்கிறது.,மாடு மேய்ந்தது.
148,Error2,மாடு மேய்கிறது.,மாடு மேய்ந்தது.
149,Error1,அவன் பாடுகிறான்.,அவள் பாடுகிறாள்.
150,Error1,நாய் ஓடுகிறது.,நாய் ஓடுகின்றது.
151,Error1,கிளிகள் பறக்கிறான்.,கிளிகள் பறக்கின்றன.
152,Error1,அவன் பாடுகிறான்.,அவள் பாடுகிறாள்.
153,Error2,மாடு மேய்கிறது.,மாடு மேய்ந்தது.
154,Error1,கிளிகள் பறக்கிறான்.,கிளிகள் பறக்கின்றன.
155,Error2,நான் விளையாடுகிறேன்.,நான் விளையாடினேன்.
156,Error2,அவர்கள் ஆடுகிறார்கள்.,அவர்கள் ஆடினர்.
157,Error1,சிறுமி கதைசொல்கிறான்.,சிறுமி கதைசொல்கிறாள்.
158,Error1,கிளிகள் பறக்கிறான்.,கிளிகள் பறக்கின்றன.
159,Error1,கோபுரம் உலருகிறான்.,கோபுரம் உலர்கின்றது.
160,Error1,மரம் வளர்கிறது.,மரம் வளர்கின்றது.
161,Error1,கோபுரம் உலருகிறான்.,கோபுரம் உலர்கின்றது.
162,Error2,அவர் எழுதுகிறார்.,அவர் எழுதினார்.
163,Error1,சிறுமி கதைசொல்கிறான்.,சிறுமி கதைசொல்கிறாள்.
164,Error1,அவன் பாடுகிறான்.,அவள் பாடுகிறாள்.
165,Error2,அவர் எழுதுகிறார்.,அவர் எழுதினார்.
166,Error1,பசுக்கள் மேய்கிறது.,பசுக்கள் மேய்கின்றன.
167,Error1,சிறுமி கதைசொல்கிறான்.,சிறுமி கதைசொல்கிறாள்.
168,Error1,அவன் பாடுகிறான்.,அவள் பாடுகிறாள்.
169,Error2,அவர் எழுதுகிறார்.,அவர் எழுதினார்.
170,Error1,நாய் ஓடுகிறது.,நாய் ஓடுகின்றது.
171,Error2,குடும்பம் உணவருந்தும்.,குடும்பம் உணவருந்தியது.
172,Error2,அவள் சிரிக்கிறாள்.,அவள் சிரித்தாள்.
173,Error1,அவள் வண்டியை ஓட்டுகிறான்.,அவள் வண்டியை ஓட்டுகிறாள்.
174,Error2,அந்த நாள் மழை பெய்கிறது.,அந்த நாள் மழை பெய்தது.
175,Error1,கோபுரம் உலருகிறான்.,கோபுரம் உலர்கின்றது.
176,Error1,அவள் வண்டியை ஓட்டுகிறான்.,அவள் வண்டியை ஓட்டுகிறாள்.
177,Error2,குடும்பம் உணவருந்தும்.,குடும்பம் உணவருந்தியது.
178,Error1,மரம் வளர்கிறது.,மரம் வளர்கின்றது.
179,Error1,மரம் வளர்கிறது.,மரம் வளர்கின்றது.
180,Error1,அவர் தண்ணீர் குடிக்கிறான்.,அவர் தண்ணீர் குடிக்கிறார்.
181,Error2,அவர்கள் பாடுகிறார்கள்.,அவர்கள் பாடினர்.
182,Error1,சிறுமி கதைசொல்கிறான்.,சிறுமி கதைசொல்கிறாள்.
183,Error2,அந்த நாள் மழை பெய்கிறது.,அந்த நாள் மழை பெய்தது.
184,Error1,நாய் ஓடுகிறது.,நாய் ஓடுகின்றது.
185,Error2,அவர் எழுதுகிறார்.,அவர் எழுதினார்.
186,Error1,அவர்கள் சிரிக்கிறான்.,அவர்கள் சிரிக்கிறார்கள்.
187,Error2,அவர் எழுதுகிறார்.,அவர் எழுதினார்.
188,Error2,மாடு மேய்கிறது.,மாடு மேய்ந்தது.
189,Error2,குடும்பம் உணவருந்தும்.,குடும்பம் உணவருந்தியது.
190,Error2,அவர்கள் ஆடுகிறார்கள்.,அவர்கள் ஆடினர்.
191,Error1,மரம் வளர்கிறது.,மரம் வளர்கின்றது.
192,Error1,கோபுரம் உலருகிறான்.,கோபுரம் உலர்கின்றது.
193,Error1,அவர்கள் சிரிக்கிறான்.,அவர்கள் சிரிக்கிறார்கள்.
194,Error2,அவர் எழுதுகிறார்.,அவர் எழுதினார்.
195,Error1,நாய் ஓடுகிறது.,நாய் ஓடுகின்றது.
196,Error1,சிறுமி கதைசொல்கிறான்.,சிறுமி கதைசொல்கிறாள்.
197,Error1,அவன் பாடுகிறான்.,அவள் பாடுகிறாள்.
198,Error1,மரம் வளர்கிறது.,மரம் வளர்கின்றது.
199,Error2,நான் படிக்கிறேன்.,நான் படித்தேன்.
200,Error1,அவன் பாடுகிறான்.,அவள் பாடுகிறாள்.
201,Error1,மரம் வளர்கிறது.,மரம் வளர்கின்றது.
202,Error2,குடும்பம் உணவருந்தும்.,குடும்பம் உணவருந்தியது.
203,Error2,நான் படிக்கிறேன்.,நான் படித்தேன்.
204,Error2,அவர்கள் பாடுகிறார்கள்.,அவர்கள் பாடினர்.
205,Error2,அந்த நாள் மழை பெய்கிறது.,அந்த நாள் மழை பெய்தது.
206,Error2,நான் விளையாடுகிறேன்.,நான் விளையாடினேன்.
207,Error1,மரம் வளர்கிறது.,மரம் வளர்கின்றது.
208,Error1,நாய் ஓடுகிறது.,நாய் ஓடுகின்றது.
209,Error2,அவர்கள் பாடுகிறார்கள்.,அவர்கள் பாடினர்.
210,Error2,அவர்கள் பாடுகிறார்கள்.,அவர்கள் பாடினர்.
211,Error1,அவள் வண்டியை ஓட்டுகிறான்.,அவள் வண்டியை ஓட்டுகிறாள்.
212,Error2,அவள் சிரிக்கிறாள்.,அவள் சிரித்தாள்.
213,Error2,அவர் எழுதுகிறார்.,அவர் எழுதினார்.
214,Error1,அவன் பாடுகிறான்.,அவள் பாடுகிறாள்.
215,Error1,கிளிகள் பறக்கிறான்.,கிளிகள் பறக்கின்றன.
216,Error2,நான் படிக்கிறேன்.,நான் படித்தேன்.
217,Error2,நான் படிக்கிறேன்.,நான் படித்தேன்.
218,Error2,அவள் சிரிக்கிறாள்.,அவள் சிரித்தாள்.
219,Error1,அவன் பாடுகிறான்.,அவள் பாடுகிறாள்.
220,Error1,பசுக்கள் மேய்கிறது.,பசுக்கள் மேய்கின்றன.
221,Error2,நான் விளையாடுகிறேன்.,நான் விளையாடினேன்.
222,Error2,மாடு மேய்கிறது.,மாடு மேய்ந்தது.
223,Error2,குடும்பம் உணவருந்தும்.,குடும்பம் உணவருந்தியது.
224,Error2,அவர் எழுதுகிறார்.,அவர் எழுதினார்.
225,Error2,குடும்பம் உணவருந்தும்.,குடும்பம் உணவருந்தியது.
226,Error1,கோபுரம் உலருகிறான்.,கோபுரம் உலர்கின்றது.
227,Error1,அவர்கள் சிரிக்கிறான்.,அவர்கள் சிரிக்கிறார்கள்.
228,Error2,அவள் சிரிக்கிறாள்.,அவள் சிரித்தாள்.
229,Error1,அவர்கள் சிரிக்கிறான்.,அவர்கள் சிரிக்கிறார்கள்.
230,Error2,மாடு மேய்கிறது.,மாடு மேய்ந்தது.
231,Error2,நான் படிக்கிறேன்.,நான் படித்தேன்.
232,Error2,மாடு மேய்கிறது.,மாடு மேய்ந்தது.
233,Error1,கோபுரம் உலருகிறான்.,கோபுரம் உலர்கின்றது.
234,Error1,கோபுரம் உலருகிறான்.,கோபுரம் உலர்கின்றது.
235,Error1,சிறுமி கதைசொல்கிறான்.,சிறுமி கதைசொல்கிறாள்.
236,Error1,அவர் தண்ணீர் குடிக்கிறான்.,அவர் தண்ணீர் குடிக்கிறார்.
237,Error2,அவர் எழுதுகிறார்.,அவர் எழுதினார்.
238,Error1,அவள் வண்டியை ஓட்டுகிறான்.,அவள் வண்டியை ஓட்டுகிறாள்.
239,Error1,கிளிகள் பறக்கிறான்.,கிளிகள் பறக்கின்றன.
240,Error2,அவர்கள் பாடுகிறார்கள்.,அவர்கள் பாடினர்.
241,Error1,அவள் வண்டியை ஓட்டுகிறான்.,அவள் வண்டியை ஓட்டுகிறாள்.
242,Error2,அவர் எழுதுகிறார்.,அவர் எழுதினார்.
243,Error2,நான் படிக்கிறேன்.,நான் படித்தேன்.
244,Error1,கிளிகள் பறக்கிறான்.,கிளிகள் பறக்கின்றன.
245,Error2,நான் படிக்கிறேன்.,நான் படித்தேன்.
246,Error2,குடும்பம் உணவருந்தும்.,குடும்பம் உணவருந்தியது.
247,Error1,மரம் வளர்கிறது.,மரம் வளர்கின்றது.
248,Error2,அவள் சிரிக்கிறாள்.,அவள் சிரித்தாள்.
249,Error1,அவன் பாடுகிறான்.,அவள் பாடுகிறாள்.
250,Error1,அவர் தண்ணீர் குடிக்கிறான்.,அவர் தண்ணீர் குடிக்கிறார்.
251,Error1,கோபுரம் உலருகிறான்.,கோபுரம் உலர்கின்றது.
252,Error2,அவர் எழுதுகிறார்.,அவர் எழுதினார்.
253,Error1,அவன் பாடுகிறான்.,அவள் பாடுகிறாள்.
254,Error1,பசுக்கள் மேய்கிறது.,பசுக்கள் மேய்கின்றன.
255,Error1,கிளிகள் பறக்கிறான்.,கிளிகள் பறக்கின்றன.
256,Error1,அவர்கள் சிரிக்கிறான்.,அவர்கள் சிரிக்கிறார்கள்.
257,Error1,மரம் வளர்கிறது.,மரம் வளர்கின்றது.
258,Error2,அவள் சிரிக்கிறாள்.,அவள் சிரித்தாள்.
259,Error1,அவன் பாடுகிறான்.,அவள் பாடுகிறாள்.
260,Error1,பசுக்கள் மேய்கிறது.,பசுக்கள் மேய்கின்றன.
261,Error1,அவர்கள் சிரிக்கிறான்.,அவர்கள் சிரிக்கிறார்கள்.
262,Error2,அவர்கள் ஆடுகிறார்கள்.,அவர்கள் ஆடினர்.
263,Error2,அந்த நாள் மழை பெய்கிறது.,அந்த நாள் மழை பெய்தது.
264,Error1,அவர்கள் சிரிக்கிறான்.,அவர்கள் சிரிக்கிறார்கள்.
265,Error2,அவர்கள் ஆடுகிறார்கள்.,அவர்கள் ஆடினர்.
266,Error2,நேற்று நான் செல்வேன்.,நேற்று நான் சென்றேன்.
267,Error1,கிளிகள் பறக்கிறான்.,கிளிகள் பறக்கின்றன.
268,Error1,கோபுரம் உலருகிறான்.,கோபுரம் உலர்கின்றது.
269,Error1,அவன் பாடுகிறான்.,அவள் பாடுகிறாள்.
270,Error1,சிறுமி கதைசொல்கிறான்.,சிறுமி கதைசொல்கிறாள்.
271,Error2,அவர்கள் பாடுகிறார்கள்.,அவர்கள் பாடினர்.
272,Error1,அவர் தண்ணீர் குடிக்கிறான்.,அவர் தண்ணீர் குடிக்கிறார்.
273,Error2,மாடு மேய்கிறது.,மாடு மேய்ந்தது.
274,Error2,நான் விளையாடுகிறேன்.,நான் விளையாடினேன்.
275,Error1,அவள் வண்டியை ஓட்டுகிறான்.,அவள் வண்டியை ஓட்டுகிறாள்.
276,Error1,அவர்கள் சிரிக்கிறான்.,அவர்கள் சிரிக்கிறார்கள்.
277,Error2,அந்த நாள் மழை பெய்கிறது.,அந்த நாள் மழை பெய்தது.
278,Error1,அவன் பாடுகிறான்.,அவள் பாடுகிறாள்.
279,Error1,அவள் வண்டியை ஓட்டுகிறான்.,அவள் வண்டியை ஓட்டுகிறாள்.
280,Error2,நேற்று நான் செல்வேன்.,நேற்று நான் சென்றேன்.
281,Error1,கோபுரம் உலருகிறான்.,கோபுரம் உலர்கின்றது.
282,Error1,கிளிகள் பறக்கிறான்.,கிளிகள் பறக்கின்றன.
283,Error1,அவர் தண்ணீர் குடிக்கிறான்.,அவர் தண்ணீர் குடிக்கிறார்.
284,Error2,நான் படிக்கிறேன்.,நான் படித்தேன்.
285,Error1,அவர் தண்ணீர் குடிக்கிறான்.,அவர் தண்ணீர் குடிக்கிறார்.
286,Error1,சிறுமி கதைசொல்கிறான்.,சிறுமி கதைசொல்கிறாள்.
287,Error1,அவர்கள் சிரிக்கிறான்.,அவர்கள் சிரிக்கிறார்கள்.
288,Error2,அவர்கள் பாடுகிறார்கள்.,அவர்கள் பாடினர்.
289,Error2,அவர்கள் பாடுகிறார்கள்.,அவர்கள் பாடினர்.
290,Error1,கிளிகள் பறக்கிறான்.,கிளிகள் பறக்கின்றன.
291,Error1,அவன் பாடுகிறான்.,அவள் பாடுகிறாள்.
292,Error1,அவன் பாடுகிறான்.,அவள் பாடுகிறாள்.
293,Error1,சிறுமி கதைசொல்கிறான்.,சிறுமி கதைசொல்கிறாள்.
294,Error1,பசுக்கள் மேய்கிறது.,பசுக்கள் மேய்கின்றன.
295,Error1,கோபுரம் உலருகிறான்.,கோபுரம் உலர்கின்றது.
296,Error1,அவர்கள் சிரிக்கிறான்.,அவர்கள் சிரிக்கிறார்கள்.
297,Error2,நேற்று நான் செல்வேன்.,நேற்று நான் சென்றேன்.
298,Error1,அவன் பாடுகிறான்.,அவள் பாடுகிறாள்.
299,Error2,அவர்கள் ஆடுகிறார்கள்.,அவர்கள் ஆடினர்.
300,Error2,அவர்கள் பாடுகிறார்கள்.,அவர்கள் பாடினர்.
301,Error2,நான் படிக்கிறேன்.,நான் படித்தேன்.
302,Error2,மாடு மேய்கிறது.,மாடு மேய்ந்தது.
303,Error2,அவர்கள் பாடுகிறார்கள்.,அவர்கள் பாடினர்.
304,Error1,பசுக்கள் மேய்கிறது.,பசுக்கள் மேய்கின்றன.
305,Error1,மரம் வளர்கிறது.,மரம் வளர்கின்றது.
306,Error2,அந்த நாள் மழை பெய்கிறது.,அந்த நாள் மழை பெய்தது.
307,Error2,நான் விளையாடுகிறேன்.,நான் விளையாடினேன்.
308,Error2,அவள் சிரிக்கிறாள்.,அவள் சிரித்தாள்.
309,Error1,அவர் தண்ணீர் குடிக்கிறான்.,அவர் தண்ணீர் குடிக்கிறார்.
310,Error2,அவர் எழுதுகிறார்.,அவர் எழுதினார்.
311,Error2,நேற்று நான் செல்வேன்.,நேற்று நான் சென்றேன்.
312,Error1,அவர்கள் சிரிக்கிறான்.,அவர்கள் சிரிக்கிறார்கள்.
313,Error1,நாய் ஓடுகிறது.,நாய் ஓடுகின்றது.
314,Error1,மரம் வளர்கிறது.,மரம் வளர்கின்றது.
315,Error2,அவள் சிரிக்கிறாள்.,அவள் சிரித்தாள்.
316,Error1,நாய் ஓடுகிறது.,நாய் ஓடுகின்றது.
317,Error1,அவன் பாடுகிறான்.,அவள் பாடுகிறாள்.
318,Error1,அவன் பாடுகிறான்.,அவள் பாடுகிறாள்.
319,Error1,மரம் வளர்கிறது.,மரம் வளர்கின்றது.
320,Error1,கிளிகள் பறக்கிறான்.,கிளிகள் பறக்கின்றன.
321,Error1,மரம் வளர்கிறது.,மரம் வளர்கின்றது.
322,Error1,அவள் வண்டியை ஓட்டுகிறான்.,அவள் வண்டியை ஓட்டுகிறாள்.
323,Error1,மரம் வளர்கிறது.,மரம் வளர்கின்றது.
324,Error2,அவர் எழுதுகிறார்.,அவர் எழுதினார்.
325,Error1,நாய் ஓடுகிறது.,நாய் ஓடுகின்றது.
326,Error1,மரம் வளர்கிறது.,மரம் வளர்கின்றது.
327,Error2,மாடு மேய்கிறது.,மாடு மேய்ந்தது.
328,Error1,அவன் பாடுகிறான்.,அவள் பாடுகிறாள்.
329,Error2,அவர்கள் ஆடுகிறார்கள்.,அவர்கள் ஆடினர்.
330,Error2,அவர்கள் பாடுகிறார்கள்.,அவர்கள் பாடினர்.
331,Error1,அவர்கள் சிரிக்கிறான்.,அவர்கள் சிரிக்கிறார்கள்.
332,Error1,அவர் தண்ணீர் குடிக்கிறான்.,அவர் தண்ணீர் குடிக்கிறார்.
333,Error2,நேற்று நான் செல்வேன்.,நேற்று நான் சென்றேன்.
334,Error1,நாய் ஓடுகிறது.,நாய் ஓடுகின்றது.
335,Error1,நாய் ஓடுகிறது.,நாய் ஓடுகின்றது.
336,Error1,கிளிகள் பறக்கிறான்.,கிளிகள் பறக்கின்றன.
337,Error2,அவள் சிரிக்கிறாள்.,அவள் சிரித்தாள்.
338,Error2,அவர் எழுதுகிறார்.,அவர் எழுதினார்.
339,Error1,அவன் பாடுகிறான்.,அவள் பாடுகிறாள்.
340,Error1,அவன் பாடுகிறான்.,அவள் பாடுகிறாள்.
341,Error2,அவர் எழுதுகிறார்.,அவர் எழுதினார்.
342,Error1,சிறுமி கதைசொல்கிறான்.,சிறுமி கதைசொல்கிறாள்.
343,Error2,நேற்று நான் செல்வேன்.,நேற்று நான் சென்றேன்.
344,Error1,கோபுரம் உலருகிறான்.,கோபுரம் உலர்கின்றது.
345,Error2,குடும்பம் உணவருந்தும்.,குடும்பம் உணவருந்தியது.
346,Error1,பசுக்கள் மேய்கிறது.,பசுக்கள் மேய்கின்றன.
347,Error2,அவர்கள் பாடுகிறார்கள்.,அவர்கள் பாடினர்.
348,Error2,அவர்கள் பாடுகிறார்கள்.,அவர்கள் பாடினர்.
349,Error1,கோபுரம் உலருகிறான்.,கோபுரம் உலர்கின்றது.
350,Error1,அவன் பாடுகிறான்.,அவள் பாடுகிறாள்.
351,Error2,அவர்கள் பாடுகிறார்கள்.,அவர்கள் பாடினர்.
352,Error1,அவன் பாடுகிறான்.,அவள் பாடுகிறாள்.
353,Error1,நாய் ஓடுகிறது.,நாய் ஓடுகின்றது.
354,Error1,அவன் பாடுகிறான்.,அவள் பாடுகிறாள்.
355,Error1,அவள் வண்டியை ஓட்டுகிறான்.,அவள் வண்டியை ஓட்டுகிறாள்.
356,Error2,நேற்று நான் செல்வேன்.,நேற்று நான் சென்றேன்.
357,Error2,நான் படிக்கிறேன்.,நான் படித்தேன்.
358,Error2,நான் படிக்கிறேன்.,நான் படித்தேன்.
359,Error1,சிறுமி கதைசொல்கிறான்.,சிறுமி கதைசொல்கிறாள்.
360,Error1,மரம் வளர்கிறது.,மரம் வளர்கின்றது.
361,Error1,கோபுரம் உலருகிறான்.,கோபுரம் உலர்கின்றது.
362,Error2,குடும்பம் உணவருந்தும்.,குடும்பம் உணவருந்தியது.
363,Error1,கிளிகள் பறக்கிறான்.,கிளிகள் பறக்கின்றன.
364,Error2,அவர்கள் ஆடுகிறார்கள்.,அவர்கள் ஆடினர்.
365,Error2,நேற்று நான் செல்வேன்.,நேற்று நான் சென்றேன்.
366,Error2,குடும்பம் உணவருந்தும்.,குடும்பம் உணவருந்தியது.
367,Error2,அவர்கள் ஆடுகிறார்கள்.,அவர்கள் ஆடினர்.
368,Error2,அவர் எழுதுகிறார்.,அவர் எழுதினார்.
369,Error2,நேற்று நான் செல்வேன்.,நேற்று நான் சென்றேன்.
370,Error1,கிளிகள் பறக்கிறான்.,கிளிகள் பறக்கின்றன.
371,Error2,அவள் சிரிக்கிறாள்.,அவள் சிரித்தாள்.
372,Error1,பசுக்கள் மேய்கிறது.,பசுக்கள் மேய்கின்றன.
373,Error1,நாய் ஓடுகிறது.,நாய் ஓடுகின்றது.
374,Error2,மாடு மேய்கிறது.,மாடு மேய்ந்தது.
375,Error2,நேற்று நான் செல்வேன்.,நேற்று நான் சென்றேன்.
376,Error1,கிளிகள் பறக்கிறான்.,கிளிகள் பறக்கின்றன.
377,Error2,மாடு மேய்கிறது.,மாடு மேய்ந்தது.
378,Error2,அவர்கள் ஆடுகிறார்கள்.,அவர்கள் ஆடினர்.
379,Error1,சிறுமி கதைசொல்கிறான்.,சிறுமி கதைசொல்கிறாள்.
380,Error2,மாடு மேய்கிறது.,மாடு மேய்ந்தது.
381,Error2,அவர் எழுதுகிறார்.,அவர் எழுதினார்.
382,Error1,கோபுரம் உலருகிறான்.,கோபுரம் உலர்கின்றது.
383,Error1,கோபுரம் உலருகிறான்.,கோபுரம் உலர்கின்றது.
384,Error1,பசுக்கள் மேய்கிறது.,பசுக்கள் மேய்கின்றன.
385,Error1,மரம் வளர்கிறது.,மரம் வளர்கின்றது.
386,Error1,கிளிகள் பறக்கிறான்.,கிளிகள் பறக்கின்றன.
387,Error2,அவர்கள் பாடுகிறார்கள்.,அவர்கள் பாடினர்.
388,Error2,அவர்கள் ஆடுகிறார்கள்.,அவர்கள் ஆடினர்.
389,Error2,அவள் சிரிக்கிறாள்.,அவள் சிரித்தாள்.
390,Error2,அவர் எழுதுகிறார்.,அவர் எழுதினார்.
391,Error1,சிறுமி கதைசொல்கிறான்.,சிறுமி கதைசொல்கிறாள்.
392,Error1,அவர் தண்ணீர் குடிக்கிறான்.,அவர் தண்ணீர் குடிக்கிறார்.
393,Error1,சிறுமி கதைசொல்கிறான்.,சிறுமி கதைசொல்கிறாள்.
394,Error1,மரம் வளர்கிறது.,மரம் வளர்கின்றது.
395,Error1,அவர்கள் சிரிக்கிறான்.,அவர்கள் சிரிக்கிறார்கள்.
396,Error1,அவர் தண்ணீர் குடிக்கிறான்.,அவர் தண்ணீர் குடிக்கிறார்.
397,Error1,அவர் தண்ணீர் குடிக்கிறான்.,அவர் தண்ணீர் குடிக்கிறார்.
398,Error2,குடும்பம் உணவருந்தும்.,குடும்பம் உணவருந்தியது.
399,Error1,அவன் பாடுகிறான்.,அவள் பாடுகிறாள்.
400,Error2,நேற்று நான் செல்வேன்.,நேற்று நான் சென்றேன்.
401,Error2,அந்த நாள் மழை பெய்கிறது.,அந்த நாள் மழை பெய்தது.
402,Error2,நேற்று நான் செல்வேன்.,நேற்று நான் சென்றேன்.
403,Error2,நான் விளையாடுகிறேன்.,நான் விளையாடினேன்.
404,Error1,அவர் தண்ணீர் குடிக்கிறான்.,அவர் தண்ணீர் குடிக்கிறார்.
405,Error1,கிளிகள் பறக்கிறான்.,கிளிகள் பறக்கின்றன.
406,Error2,அந்த நாள் மழை பெய்கிறது.,அந்த நாள் மழை பெய்தது.
407,Error1,கிளிகள் பறக்கிறான்.,கிளிகள் பறக்கின்றன.
408,Error2,அவள் சிரிக்கிறாள்.,அவள் சிரித்தாள்.
409,Error1,சிறுமி கதைசொல்கிறான்.,சிறுமி கதைசொல்கிறாள்.
410,Error2,அவர் எழுதுகிறார்.,அவர் எழுதினார்.
411,Error1,நாய் ஓடுகிறது.,நாய் ஓடுகின்றது.
412,Error1,கோபுரம் உலருகிறான்.,கோபுரம் உலர்கின்றது.
413,Error1,அவள் வண்டியை ஓட்டுகிறான்.,அவள் வண்டியை ஓட்டுகிறாள்.
414,Error2,அந்த நாள் மழை பெய்கிறது.,அந்த நாள் மழை பெய்தது.
415,Error1,மரம் வளர்கிறது.,மரம் வளர்கின்றது.
416,Error2,மாடு மேய்கிறது.,மாடு மேய்ந்தது.
417,Error2,அவர்கள் பாடுகிறார்கள்.,அவர்கள் பாடினர்.
418,Error1,அவர் தண்ணீர் குடிக்கிறான்.,அவர் தண்ணீர் குடிக்கிறார்.
419,Error2,குடும்பம் உணவருந்தும்.,குடும்பம் உணவருந்தியது.
420,Error1,கிளிகள் பறக்கிறான்.,கிளிகள் பறக்கின்றன.
421,Error1,நாய் ஓடுகிறது.,நாய் ஓடுகின்றது.
422,Error1,அவன் பாடுகிறான்.,அவள் பாடுகிறாள்.
423,Error2,அந்த நாள் மழை பெய்கிறது.,அந்த நாள் மழை பெய்தது.
424,Error2,நான் படிக்கிறேன்.,நான் படித்தேன்.
425,Error1,நாய் ஓடுகிறது.,நாய் ஓடுகின்றது.
426,Error1,சிறுமி கதைசொல்கிறான்.,சிறுமி கதைசொல்கிறாள்.
427,Error1,அவர் தண்ணீர் குடிக்கிறான்.,அவர் தண்ணீர் குடிக்கிறார்.
428,Error2,அவள் சிரிக்கிறாள்.,அவள் சிரித்தாள்.
429,Error2,குடும்பம் உணவருந்தும்.,குடும்பம் உணவருந்தியது.
430,Error1,அவர் தண்ணீர் குடிக்கிறான்.,அவர் தண்ணீர் குடிக்கிறார்.
431,Error1,அவர் தண்ணீர் குடிக்கிறான்.,அவர் தண்ணீர் குடிக்கிறார்.
432,Error1,பசுக்கள் மேய்கிறது.,பசுக்கள் மேய்கின்றன.
433,Error1,அவன் பாடுகிறான்.,அவள் பாடுகிறாள்.
434,Error2,மாடு மேய்கிறது.,மாடு மேய்ந்தது.
435,Error2,அவர்கள் பாடுகிறார்கள்.,அவர்கள் பாடினர்.
436,Error1,நாய் ஓடுகிறது.,நாய் ஓடுகின்றது.
437,Error2,அந்த நாள் மழை பெய்கிறது.,அந்த நாள் மழை பெய்தது.
438,Error2,நான் படிக்கிறேன்.,நான் படித்தேன்.
439,Error2,நான் படிக்கிறேன்.,நான் படித்தேன்.
440,Error2,அவர் எழுதுகிறார்.,அவர் எழுதினார்.
441,Error1,அவர்கள் சிரிக்கிறான்.,அவர்கள் சிரிக்கிறார்கள்.
442,Error1,அவள் வண்டியை ஓட்டுகிறான்.,அவள் வண்டியை ஓட்டுகிறாள்.
443,Error1,சிறுமி கதைசொல்கிறான்.,சிறுமி கதைசொல்கிறாள்.
444,Error2,அந்த நாள் மழை பெய்கிறது.,அந்த நாள் மழை பெய்தது.
445,Error2,குடும்பம் உணவருந்தும்.,குடும்பம் உணவருந்தியது.
446,Error1,பசுக்கள் மேய்கிறது.,பசுக்கள் மேய்கின்றன.
447,Error1,நாய் ஓடுகிறது.,நாய் ஓடுகின்றது.
448,Error2,நேற்று நான் செல்வேன்.,நேற்று நான் சென்றேன்.
449,Error1,அவன் பாடுகிறான்.,அவள் பாடுகிறாள்.
450,Error1,சிறுமி கதைசொல்கிறான்.,சிறுமி கதைசொல்கிறாள்.
451,Error2,நேற்று நான் செல்வேன்.,நேற்று நான் சென்றேன்.
452,Error1,மரம் வளர்கிறது.,மரம் வளர்கின்றது.
453,Error2,அந்த நாள் மழை பெய்கிறது.,அந்த நாள் மழை பெய்தது.
454,Error2,குடும்பம் உணவருந்தும்.,குடும்பம் உணவருந்தியது.
455,Error1,கிளிகள் பறக்கிறான்.,கிளிகள் பறக்கின்றன.
456,Error1,அவன் பாடுகிறான்.,அவள் பாடுகிறாள்.
457,Error1,கோபுரம் உலருகிறான்.,கோபுரம் உலர்கின்றது.
458,Error1,அவர்கள் சிரிக்கிறான்.,அவர்கள் சிரிக்கிறார்கள்.
459,Error2,அவர்கள் ஆடுகிறார்கள்.,அவர்கள் ஆடினர்.
460,Error2,நான் விளையாடுகிறேன்.,நான் விளையாடினேன்.
461,Error2,குடும்பம் உணவருந்தும்.,குடும்பம் உணவருந்தியது.
462,Error1,நாய் ஓடுகிறது.,நாய் ஓடுகின்றது.
463,Error2,அந்த நாள் மழை பெய்கிறது.,அந்த நாள் மழை பெய்தது.
464,Error2,நான் படிக்கிறேன்.,நான் படித்தேன்.
465,Error1,நாய் ஓடுகிறது.,நாய் ஓடுகின்றது.
466,Error1,கோபுரம் உலருகிறான்.,கோபுரம் உலர்கின்றது.
467,Error2,நான் விளையாடுகிறேன்.,நான் விளையாடினேன்.
468,Error2,நான் படிக்கிறேன்.,நான் படித்தேன்.
469,Error1,பசுக்கள் மேய்கிறது.,பசுக்கள் மேய்கின்றன.
470,Error2,குடும்பம் உணவருந்தும்.,குடும்பம் உணவருந்தியது.
471,Error1,சிறுமி கதைசொல்கிறான்.,சிறுமி கதைசொல்கிறாள்.
472,Error2,அவர் எழுதுகிறார்.,அவர் எழுதினார்.
473,Error1,அவர்கள் சிரிக்கிறான்.,அவர்கள் சிரிக்கிறார்கள்.
474,Error1,கிளிகள் பறக்கிறான்.,கிளிகள் பறக்கின்றன.
475,Error2,அவர்கள் பாடுகிறார்கள்.,அவர்கள் பாடினர்.
476,Error2,அவள் சிரிக்கிறாள்.,அவள் சிரித்தாள்.
477,Error2,அவள் சிரிக்கிறாள்.,அவள் சிரித்தாள்.
478,Error2,அவர் எழுதுகிறார்.,அவர் எழுதினார்.
479,Error1,அவர் தண்ணீர் குடிக்கிறான்.,அவர் தண்ணீர் குடிக்கிறார்.
480,Error2,அவர் எழுதுகிறார்.,அவர் எழுதினார்.
481,Error2,நேற்று நான் செல்வேன்.,நேற்று நான் சென்றேன்.
482,Error1,அவர் தண்ணீர் குடிக்கிறான்.,அவர் தண்ணீர் குடிக்கிறார்.
483,Error2,அவர்கள் ஆடுகிறார்கள்.,அவர்கள் ஆடினர்.
484,Error2,நான் படிக்கிறேன்.,நான் படித்தேன்.
485,Error1,அவர்கள் சிரிக்கிறான்.,அவர்கள் சிரிக்கிறார்கள்.
486,Error2,குடும்பம் உணவருந்தும்.,குடும்பம் உணவருந்தியது.
487,Error2,குடும்பம் உணவருந்தும்.,குடும்பம் உணவருந்தியது.
488,Error1,அவர்கள் சிரிக்கிறான்.,அவர்கள் சிரிக்கிறார்கள்.
489,Error1,சிறுமி கதைசொல்கிறான்.,சிறுமி கதைசொல்கிறாள்.
490,Error2,அவர்கள் பாடுகிறார்கள்.,அவர்கள் பாடினர்.
491,Error1,அவள் வண்டியை ஓட்டுகிறான்.,அவள் வண்டியை ஓட்டுகிறாள்.
492,Error1,அவள் வண்டியை ஓட்டுகிறான்.,அவள் வண்டியை ஓட்டுகிறாள்.
493,Error1,அவர்கள் சிரிக்கிறான்.,அவர்கள் சிரிக்கிறார்கள்.
494,Error1,கோபுரம் உலருகிறான்.,கோபுரம் உலர்கின்றது.
495,Error2,அவள் சிரிக்கிறாள்.,அவள் சிரித்தாள்.
496,Error1,அவர் தண்ணீர் குடிக்கிறான்.,அவர் தண்ணீர் குடிக்கிறார்.
497,Error2,மாடு மேய்கிறது.,மாடு மேய்ந்தது.
498,Error1,பசுக்கள் மேய்கிறது.,பசுக்கள் மேய்கின்றன.
499,Error2,நான் படிக்கிறேன்.,நான் படித்தேன்.
500,Error2,குடும்பம் உணவருந்தும்.,குடும்பம் உணவருந்தியது.
501,Error1,கிளிகள் பறக்கிறான்.,கிளிகள் பறக்கின்றன.
502,Error1,சிறுமி கதைசொல்கிறான்.,சிறுமி கதைசொல்கிறாள்.
503,Error2,அந்த நாள் மழை பெய்கிறது.,அந்த நாள் மழை பெய்தது.
504,Error1,கோபுரம் உலருகிறான்.,கோபுரம் உலர்கின்றது.
505,Error1,கோபுரம் உலருகிறான்.,கோபுரம் உலர்கின்றது.
506,Error1,அவர் தண்ணீர் குடிக்கிறான்.,அவர் தண்ணீர் குடிக்கிறார்.
507,Error2,நேற்று நான் செல்வேன்.,நேற்று நான் சென்றேன்.
508,Error2,குடும்பம் உணவருந்தும்.,குடும்பம் உணவருந்தியது.
509,Error1,கோபுரம் உலருகிறான்.,கோபுரம் உலர்கின்றது.
510,Error2,நேற்று நான் செல்வேன்.,நேற்று நான் சென்றேன்.
511,Error1,மரம் வளர்கிறது.,மரம் வளர்கின்றது.
512,Error2,அவர்கள் பாடுகிறார்கள்.,அவர்கள் பாடினர்.
513,Error1,சிறுமி கதைசொல்கிறான்.,சிறுமி கதைசொல்கிறாள்.
514,Error1,அவள் வண்டியை ஓட்டுகிறான்.,அவள் வண்டியை ஓட்டுகிறாள்.
515,Error1,மரம் வளர்கிறது.,மரம் வளர்கின்றது.
516,Error1,அவர்கள் சிரிக்கிறான்.,அவர்கள் சிரிக்கிறார்கள்.
517,Error1,அவர் தண்ணீர் குடிக்கிறான்.,அவர் தண்ணீர் குடிக்கிறார்.
518,Error1,அவன் பாடுகிறான்.,அவள் பாடுகிறாள்.
519,Error2,அவள் சிரிக்கிறாள்.,அவள் சிரித்தாள்.
520,Error2,அந்த நாள் மழை பெய்கிறது.,அந்த நாள் மழை பெய்தது.
521,Error1,அவர்கள் சிரிக்கிறான்.,அவர்கள் சிரிக்கிறார்கள்.
522,Error1,அவள் வண்டியை ஓட்டுகிறான்.,அவள் வண்டியை ஓட்டுகிறாள்.
523,Error2,நான் படிக்கிறேன்.,நான் படித்தேன்.
524,Error2,அவர்கள் பாடுகிறார்கள்.,அவர்கள் பாடினர்.
525,Error1,கிளிகள் பறக்கிறான்.,கிளிகள் பறக்கின்றன.
526,Error1,கிளிகள் பறக்கிறான்.,கிளிகள் பறக்கின்றன.
527,Error1,அவள் வண்டியை ஓட்டுகிறான்.,அவள் வண்டியை ஓட்டுகிறாள்.
528,Error2,குடும்பம் உணவருந்தும்.,குடும்பம் உணவருந்தியது.
529,Error2,அவர் எழுதுகிறார்.,அவர் எழுதினார்.
530,Error1,மரம் வளர்கிறது.,மரம் வளர்கின்றது.
531,Error2,நேற்று நான் செல்வேன்.,நேற்று நான் சென்றேன்.
532,Error1,கிளிகள் பறக்கிறான்.,கிளிகள் பறக்கின்றன.
533,Error1,சிறுமி கதைசொல்கிறான்.,சிறுமி கதைசொல்கிறாள்.
534,Error1,அவர்கள் சிரிக்கிறான்.,அவர்கள் சிரிக்கிறார்கள்.
535,Error2,நேற்று நான் செல்வேன்.,நேற்று நான் சென்றேன்.
536,Error1,கிளிகள் பறக்கிறான்.,கிளிகள் பறக்கின்றன.
537,Error1,நாய் ஓடுகிறது.,நாய் ஓடுகின்றது.
538,Error2,அந்த நாள் மழை பெய்கிறது.,அந்த நாள் மழை பெய்தது.
539,Error1,கிளிகள் பறக்கிறான்.,கிளிகள் பறக்கின்றன.
540,Error2,அவள் சிரிக்கிறாள்.,அவள் சிரித்தாள்.
541,Error1,மரம் வளர்கிறது.,மரம் வளர்கின்றது.
542,Error2,அவர்கள் ஆடுகிறார்கள்.,அவர்கள் ஆடினர்.
543,Error1,பசுக்கள் மேய்கிறது.,பசுக்கள் மேய்கின்றன.
544,Error1,நாய் ஓடுகிறது.,நாய் ஓடுகின்றது.
545,Error1,அவள் வண்டியை ஓட்டுகிறான்.,அவள் வண்டியை ஓட்டுகிறாள்.
546,Error2,அவள் சிரிக்கிறாள்.,அவள் சிரித்தாள்.
547,Error2,அவர்கள் ஆடுகிறார்கள்.,அவர்கள் ஆடினர்.
548,Error1,சிறுமி கதைசொல்கிறான்.,சிறுமி கதைசொல்கிறாள்.
549,Error1,அவன் பாடுகிறான்.,அவள் பாடுகிறாள்.
550,Error1,அவன் பாடுகிறான்.,அவள் பாடுகிறாள்.
551,Error2,அவர் எழுதுகிறார்.,அவர் எழுதினார்.
552,Error1,கிளிகள் பறக்கிறான்.,கிளிகள் பறக்கின்றன.
553,Error2,அவள் சிரிக்கிறாள்.,அவள் சிரித்தாள்.
554,Error2,அவள் சிரிக்கிறாள்.,அவள் சிரித்தாள்.
555,Error2,நான் விளையாடுகிறேன்.,நான் விளையாடினேன்.
556,Error1,கோபுரம் உலருகிறான்.,கோபுரம் உலர்கின்றது.
557,Error2,நான் விளையாடுகிறேன்.,நான் விளையாடினேன்.
558,Error2,அந்த நாள் மழை பெய்கிறது.,அந்த நாள் மழை பெய்தது.
559,Error2,அவர்கள் ஆடுகிறார்கள்.,அவர்கள் ஆடினர்.
560,Error2,நான் படிக்கிறேன்.,நான் படித்தேன்.
561,Error1,பசுக்கள் மேய்கிறது.,பசுக்கள் மேய்கின்றன.
562,Error2,அவர்கள் பாடுகிறார்கள்.,அவர்கள் பாடினர்.
563,Error1,அவன் பாடுகிறான்.,அவள் பாடுகிறாள்.
564,Error2,அவர்கள் பாடுகிறார்கள்.,அவர்கள் பாடினர்.
565,Error2,அவள் சிரிக்கிறாள்.,அவள் சிரித்தாள்.
566,Error1,கோபுரம் உலருகிறான்.,கோபுரம் உலர்கின்றது.
567,Error1,மரம் வளர்கிறது.,மரம் வளர்கின்றது.
568,Error1,பசுக்கள் மேய்கிறது.,பசுக்கள் மேய்கின்றன.
569,Error1,அவர்கள் சிரிக்கிறான்.,அவர்கள் சிரிக்கிறார்கள்.
570,Error1,சிறுமி கதைசொல்கிறான்.,சிறுமி கதைசொல்கிறாள்.
571,Error2,நான் விளையாடுகிறேன்.,நான் விளையாடினேன்.
572,Error2,அந்த நாள் மழை பெய்கிறது.,அந்த நாள் மழை பெய்தது.
573,Error1,அவன் பாடுகிறான்.,அவள் பாடுகிறாள்.
574,Error2,நான் விளையாடுகிறேன்.,நான் விளையாடினேன்.
575,Error2,குடும்பம் உணவருந்தும்.,குடும்பம் உணவருந்தியது.
576,Error2,நான் படிக்கிறேன்.,நான் படித்தேன்.
577,Error1,கிளிகள் பறக்கிறான்.,கிளிகள் பறக்கின்றன.
578,Error1,நாய் ஓடுகிறது.,நாய் ஓடுகின்றது.
579,Error1,அவன் பாடுகிறான்.,அவள் பாடுகிறாள்.
580,Error2,நான் விளையாடுகிறேன்.,நான் விளையாடினேன்.
581,Error1,நாய் ஓடுகிறது.,நாய் ஓடுகின்றது.
582,Error2,அந்த நாள் மழை பெய்கிறது.,அந்த நாள் மழை பெய்தது.
583,Error1,பசுக்கள் மேய்கிறது.,பசுக்கள் மேய்கின்றன.
584,Error1,அவர் தண்ணீர் குடிக்கிறான்.,அவர் தண்ணீர் குடிக்கிறார்.
585,Error1,பசுக்கள் மேய்கிறது.,பசுக்கள் மேய்கின்றன.
586,Error1,அவர்கள் சிரிக்கிறான்.,அவர்கள் சிரிக்கிறார்கள்.
587,Error2,நான் படிக்கிறேன்.,நான் படித்தேன்.
588,Error1,அவள் வண்டியை ஓட்டுகிறான்.,அவள் வண்டியை ஓட்டுகிறாள்.
589,Error2,நான் படிக்கிறேன்.,நான் படித்தேன்.
590,Error2,நான் படிக்கிறேன்.,நான் படித்தேன்.
591,Error2,நேற்று நான் செல்வேன்.,நேற்று நான் சென்றேன்.
592,Error1,பசுக்கள் மேய்கிறது.,பசுக்கள் மேய்கின்றன.
593,Error1,நாய் ஓடுகிறது.,நாய் ஓடுகின்றது.
594,Error2,அவர்கள் பாடுகிறார்கள்.,அவர்கள் பாடினர்.
595,Error1,அவர் தண்ணீர் குடிக்கிறான்.,அவர் தண்ணீர் குடிக்கிறார்.
596,Error2,குடும்பம் உணவருந்தும்.,குடும்பம் உணவருந்தியது.
597,Error2,நான் விளையாடுகிறேன்.,நான் விளையாடினேன்.
598,Error2,அவர் எழுதுகிறார்.,அவர் எழுதினார்.
599,Error1,கிளிகள் பறக்கிறான்.,கிளிகள் பறக்கின்றன.
600,Error1,அவன் பாடுகிறான்.,அவள் பாடுகிறாள்.
601,Error1,நாய் ஓடுகிறது.,நாய் ஓடுகின்றது.
602,Error1,மரம் வளர்கிறது.,மரம் வளர்கின்றது.
603,Error1,நாய் ஓடுகிறது.,நாய் ஓடுகின்றது.
604,Error1,அவள் வண்டியை ஓட்டுகிறான்.,அவள் வண்டியை ஓட்டுகிறாள்.
605,Error2,நான் படிக்கிறேன்.,நான் படித்தேன்.
606,Error2,அவர்கள் பாடுகிறார்கள்.,அவர்கள் பாடினர்.
607,Error1,சிறுமி கதைசொல்கிறான்.,சிறுமி கதைசொல்கிறாள்.
608,Error1,கிளிகள் பறக்கிறான்.,கிளிகள் பறக்கின்றன.
609,Error1,நாய் ஓடுகிறது.,நாய் ஓடுகின்றது.
610,Error2,அவர்கள் பாடுகிறார்கள்.,அவர்கள் பாடினர்.
611,Error2,நான் விளையாடுகிறேன்.,நான் விளையாடினேன்.
612,Error1,கிளிகள் பறக்கிறான்.,கிளிகள் பறக்கின்றன.
613,Error1,அவள் வண்டியை ஓட்டுகிறான்.,அவள் வண்டியை ஓட்டுகிறாள்.
614,Error2,அந்த நாள் மழை பெய்கிறது.,அந்த நாள் மழை பெய்தது.
615,Error1,சிறுமி கதைசொல்கிறான்.,சிறுமி கதைசொல்கிறாள்.
616,Error1,சிறுமி கதைசொல்கிறான்.,சிறுமி கதைசொல்கிறாள்.
617,Error1,மரம் வளர்கிறது.,மரம் வளர்கின்றது.
618,Error1,அவர்கள் சிரிக்கிறான்.,அவர்கள் சிரிக்கிறார்கள்.
619,Error1,அவள் வண்டியை ஓட்டுகிறான்.,அவள் வண்டியை ஓட்டுகிறாள்.
620,Error2,அவர்கள் ஆடுகிறார்கள்.,அவர்கள் ஆடினர்.
621,Error2,குடும்பம் உணவருந்தும்.,குடும்பம் உணவருந்தியது.
622,Error2,அவர்கள் பாடுகிறார்கள்.,அவர்கள் பாடினர்.
623,Error2,அவர்கள் ஆடுகிறார்கள்.,அவர்கள் ஆடினர்.
624,Error2,நான் படிக்கிறேன்.,நான் படித்தேன்.
625,Error2,குடும்பம் உணவருந்தும்.,குடும்பம் உணவருந்தியது.
626,Error1,அவள் வண்டியை ஓட்டுகிறான்.,அவள் வண்டியை ஓட்டுகிறாள்.
627,Error1,பசுக்கள் மேய்கிறது.,பசுக்கள் மேய்கின்றன.
628,Error1,அவள் வண்டியை ஓட்டுகிறான்.,அவள் வண்டியை ஓட்டுகிறாள்.
629,Error1,கோபுரம் உலருகிறான்.,கோபுரம் உலர்கின்றது.
630,Error1,அவள் வண்டியை ஓட்டுகிறான்.,அவள் வண்டியை ஓட்டுகிறாள்.
631,Error2,மாடு மேய்கிறது.,மாடு மேய்ந்தது.
632,Error1,அவள் வண்டியை ஓட்டுகிறான்.,அவள் வண்டியை ஓட்டுகிறாள்.
633,Error2,நேற்று நான் செல்வேன்.,நேற்று நான் சென்றேன்.
634,Error2,குடும்பம் உணவருந்தும்.,குடும்பம் உணவருந்தியது.
635,Error2,மாடு மேய்கிறது.,மாடு மேய்ந்தது.
636,Error1,கோபுரம் உலருகிறான்.,கோபுரம் உலர்கின்றது.
637,Error1,மரம் வளர்கிறது.,மரம் வளர்கின்றது.
638,Error1,நாய் ஓடுகிறது.,நாய் ஓடுகின்றது.
639,Error2,அவர்கள் ஆடுகிறார்கள்.,அவர்கள் ஆடினர்.
640,Error2,மாடு மேய்கிறது.,மாடு மேய்ந்தது.
641,Error1,பசுக்கள் மேய்கிறது.,பசுக்கள் மேய்கின்றன.
642,Error1,கிளிகள் பறக்கிறான்.,கிளிகள் பறக்கின்றன.
643,Error2,நான் படிக்கிறேன்.,நான் படித்தேன்.
644,Error2,நேற்று நான் செல்வேன்.,நேற்று நான் சென்றேன்.
645,Error2,நான் படிக்கிறேன்.,நான் படித்தேன்.
646,Error2,அவர்கள் பாடுகிறார்கள்.,அவர்கள் பாடினர்.
647,Error1,பசுக்கள் மேய்கிறது.,பசுக்கள் மேய்கின்றன.
648,Error2,அவர்கள் ஆடுகிறார்கள்.,அவர்கள் ஆடினர்.
649,Error1,நாய் ஓடுகிறது.,நாய் ஓடுகின்றது.
650,Error2,நேற்று நான் செல்வேன்.,நேற்று நான் சென்றேன்.
651,Error1,அவர்கள் சிரிக்கிறான்.,அவர்கள் சிரிக்கிறார்கள்.
652,Error2,அவர்கள் ஆடுகிறார்கள்.,அவர்கள் ஆடினர்.
653,Error2,மாடு மேய்கிறது.,மாடு மேய்ந்தது.
654,Error1,நாய் ஓடுகிறது.,நாய் ஓடுகின்றது.
655,Error1,கிளிகள் பறக்கிறான்.,கிளிகள் பறக்கின்றன.
656,Error1,அவர்கள் சிரிக்கிறான்.,அவர்கள் சிரிக்கிறார்கள்.
657,Error2,அவர் எழுதுகிறார்.,அவர் எழுதினார்.
658,Error2,அந்த நாள் மழை பெய்கிறது.,அந்த நாள் மழை பெய்தது.
659,Error2,நேற்று நான் செல்வேன்.,நேற்று நான் சென்றேன்.
660,Error1,அவர் தண்ணீர் குடிக்கிறான்.,அவர் தண்ணீர் குடிக்கிறார்.
661,Error2,அவர்கள் பாடுகிறார்கள்.,அவர்கள் பாடினர்.
662,Error1,அவர்கள் சிரிக்கிறான்.,அவர்கள் சிரிக்கிறார்கள்.
663,Error1,கிளிகள் பறக்கிறான்.,கிளிகள் பறக்கின்றன.
664,Error2,நேற்று நான் செல்வேன்.,நேற்று நான் சென்றேன்.
665,Error2,நான் படிக்கிறேன்.,நான் படித்தேன்.
666,Error1,கோபுரம் உலருகிறான்.,கோபுரம் உலர்கின்றது.
667,Error1,கோபுரம் உலருகிறான்.,கோபுரம் உலர்கின்றது.
668,Error1,நாய் ஓடுகிறது.,நாய் ஓடுகின்றது.
669,Error2,நேற்று நான் செல்வேன்.,நேற்று நான் சென்றேன்.
670,Error2,நான் படிக்கிறேன்.,நான் படித்தேன்.
671,Error2,அவர்கள் பாடுகிறார்கள்.,அவர்கள் பாடினர்.
672,Error2,அவர்கள் ஆடுகிறார்கள்.,அவர்கள் ஆடினர்.
673,Error1,கோபுரம் உலருகிறான்.,கோபுரம் உலர்கின்றது.
674,Error1,சிறுமி கதைசொல்கிறான்.,சிறுமி கதைசொல்கிறாள்.
675,Error1,அவள் வண்டியை ஓட்டுகிறான்.,அவள் வண்டியை ஓட்டுகிறாள்.
676,Error1,மரம் வளர்கிறது.,மரம் வளர்கின்றது.
677,Error1,மரம் வளர்கிறது.,மரம் வளர்கின்றது.
678,Error1,கிளிகள் பறக்கிறான்.,கிளிகள் பறக்கின்றன.
679,Error2,அவர் எழுதுகிறார்.,அவர் எழுதினார்.
680,Error1,நாய் ஓடுகிறது.,நாய் ஓடுகின்றது.
681,Error2,மாடு மேய்கிறது.,மாடு மேய்ந்தது.
682,Error1,பசுக்கள் மேய்கிறது.,பசுக்கள் மேய்கின்றன.
683,Error2,அவர்கள் பாடுகிறார்கள்.,அவர்கள் பாடினர்.
684,Error1,சிறுமி கதைசொல்கிறான்.,சிறுமி கதைசொல்கிறாள்.
685,Error2,அவர்கள் ஆடுகிறார்கள்.,அவர்கள் ஆடினர்.
686,Error2,அவர் எழுதுகிறார்.,அவர் எழுதினார்.
687,Error1,அவள் வண்டியை ஓட்டுகிறான்.,அவள் வண்டியை ஓட்டுகிறாள்.
688,Error2,அவர்கள் ஆடுகிறார்கள்.,அவர்கள் ஆடினர்.
689,Error1,கோபுரம் உலருகிறான்.,கோபுரம் உலர்கின்றது.
690,Error1,கிளிகள் பறக்கிறான்.,கிளிகள் பறக்கின்றன.
691,Error2,அந்த நாள் மழை பெய்கிறது.,அந்த நாள் மழை பெய்தது.
692,Error2,அந்த நாள் மழை பெய்கிறது.,அந்த நாள் மழை பெய்தது.
693,Error2,அந்த நாள் மழை பெய்கிறது.,அந்த நாள் மழை பெய்தது.
694,Error2,நான் விளையாடுகிறேன்.,நான் விளையாடினேன்.
695,Error1,அவள் வண்டியை ஓட்டுகிறான்.,அவள் வண்டியை ஓட்டுகிறாள்.
696,Error1,அவர் தண்ணீர் குடிக்கிறான்.,அவர் தண்ணீர் குடிக்கிறார்.
697,Error1,மரம் வளர்கிறது.,மரம் வளர்கின்றது.
698,Error2,நான் விளையாடுகிறேன்.,நான் விளையாடினேன்.
699,Error2,குடும்பம் உணவருந்தும்.,குடும்பம் உணவருந்தியது.
700,Error2,மாடு மேய்கிறது.,மாடு மேய்ந்தது.
701,Error2,குடும்பம் உணவருந்தும்.,குடும்பம் உணவருந்தியது.
702,Error1,அவள் வண்டியை ஓட்டுகிறான்.,அவள் வண்டியை ஓட்டுகிறாள்.
703,Error1,அவர் தண்ணீர் குடிக்கிறான்.,அவர் தண்ணீர் குடிக்கிறார்.
704,Error2,அவர்கள் ஆடுகிறார்கள்.,அவர்கள் ஆடினர்.
705,Error1,கோபுரம் உலருகிறான்.,கோபுரம் உலர்கின்றது.
706,Error2,அவர் எழுதுகிறார்.,அவர் எழுதினார்.
707,Error1,அவர் தண்ணீர் குடிக்கிறான்.,அவர் தண்ணீர் குடிக்கிறார்.
708,Error1,பசுக்கள் மேய்கிறது.,பசுக்கள் மேய்கின்றன.
709,Error2,குடும்பம் உணவருந்தும்.,குடும்பம் உணவருந்தியது.
710,Error2,அவர்கள் பாடுகிறார்கள்.,அவர்கள் பாடினர்.
711,Error1,அவள் வண்டியை ஓட்டுகிறான்.,அவள் வண்டியை ஓட்டுகிறாள்.
712,Error2,அவர்கள் ஆடுகிறார்கள்.,அவர்கள் ஆடினர்.
713,Error1,அவர்கள் சிரிக்கிறான்.,அவர்கள் சிரிக்கிறார்கள்.
714,Error1,அவன் பாடுகிறான்.,அவள் பாடுகிறாள்.
715,Error1,பசுக்கள் மேய்கிறது.,பசுக்கள் மேய்கின்றன.
716,Error2,நான் படிக்கிறேன்.,நான் படித்தேன்.
717,Error2,அவர் எழுதுகிறார்.,அவர் எழுதினார்.
718,Error2,குடும்பம் உணவருந்தும்.,குடும்பம் உணவருந்தியது.
719,Error2,குடும்பம் உணவருந்தும்.,குடும்பம் உணவருந்தியது.
720,Error1,கிளிகள் பறக்கிறான்.,கிளிகள் பறக்கின்றன.
721,Error2,மாடு மேய்கிறது.,மாடு மேய்ந்தது.
722,Error2,நான் விளையாடுகிறேன்.,நான் விளையாடினேன்.
723,Error2,நேற்று நான் செல்வேன்.,நேற்று நான் சென்றேன்.
724,Error1,அவர் தண்ணீர் குடிக்கிறான்.,அவர் தண்ணீர் குடிக்கிறார்.
725,Error2,நான் படிக்கிறேன்.,நான் படித்தேன்.
726,Error2,நான் படிக்கிறேன்.,நான் படித்தேன்.
727,Error1,அவன் பாடுகிறான்.,அவள் பாடுகிறாள்.
728,Error2,நான் படிக்கிறேன்.,நான் படித்தேன்.
729,Error2,நேற்று நான் செல்வேன்.,நேற்று நான் சென்றேன்.
730,Error2,மாடு மேய்கிறது.,மாடு மேய்ந்தது.
731,Error1,அவன் பாடுகிறான்.,அவள் பாடுகிறாள்.
732,Error1,நாய் ஓடுகிறது.,நாய் ஓடுகின்றது.
733,Error2,அவர் எழுதுகிறார்.,அவர் எழுதினார்.
734,Error1,அவர்கள் சிரிக்கிறான்.,அவர்கள் சிரிக்கிறார்கள்.
735,Error1,அவள் வண்டியை ஓட்டுகிறான்.,அவள் வண்டியை ஓட்டுகிறாள்.
736,Error1,பசுக்கள் மேய்கிறது.,பசுக்கள் மேய்கின்றன.
737,Error2,அவர்கள் ஆடுகிறார்கள்.,அவர்கள் ஆடினர்.
738,Error2,அவர் எழுதுகிறார்.,அவர் எழுதினார்.
739,Error2,நான் படிக்கிறேன்.,நான் படித்தேன்.
740,Error2,நான் விளையாடுகிறேன்.,நான் விளையாடினேன்.
741,Error1,நாய் ஓடுகிறது.,நாய் ஓடுகின்றது.
742,Error1,அவர் தண்ணீர் குடிக்கிறான்.,அவர் தண்ணீர் குடிக்கிறார்.
743,Error1,பசுக்கள் மேய்கிறது.,பசுக்கள் மேய்கின்றன.
744,Error2,அவர் எழுதுகிறார்.,அவர் எழுதினார்.
745,Error1,அவர் தண்ணீர் குடிக்கிறான்.,அவர் தண்ணீர் குடிக்கிறார்.
746,Error2,நான் படிக்கிறேன்.,நான் படித்தேன்.
747,Error1,கோபுரம் உலருகிறான்.,கோபுரம் உலர்கின்றது.
748,Error2,மாடு மேய்கிறது.,மாடு மேய்ந்தது.
749,Error2,குடும்பம் உணவருந்தும்.,குடும்பம் உணவருந்தியது.
750,Error1,கோபுரம் உலருகிறான்.,கோபுரம் உலர்கின்றது.
751,Error2,நான் விளையாடுகிறேன்.,நான் விளையாடினேன்.
752,Error2,மாடு மேய்கிறது.,மாடு மேய்ந்தது.
753,Error1,சிறுமி கதைசொல்கிறான்.,சிறுமி கதைசொல்கிறாள்.
754,Error2,அவர்கள் பாடுகிறார்கள்.,அவர்கள் பாடினர்.
755,Error1,அவர்கள் சிரிக்கிறான்.,அவர்கள் சிரிக்கிறார்கள்.
756,Error2,நான் படிக்கிறேன்.,நான் படித்தேன்.
757,Error2,குடும்பம் உணவருந்தும்.,குடும்பம் உணவருந்தியது.
758,Error1,அவர் தண்ணீர் குடிக்கிறான்.,அவர் தண்ணீர் குடிக்கிறார்.
759,Error1,கிளிகள் பறக்கிறான்.,கிளிகள் பறக்கின்றன.
760,Error1,அவன் பாடுகிறான்.,அவள் பாடுகிறாள்.
761,Error1,கோபுரம் உலருகிறான்.,கோபுரம் உலர்கின்றது.
762,Error1,கோபுரம் உலருகிறான்.,கோபுரம் உலர்கின்றது.
763,Error1,அவர் தண்ணீர் குடிக்கிறான்.,அவர் தண்ணீர் குடிக்கிறார்.
764,Error1,மரம் வளர்கிறது.,மரம் வளர்கின்றது.
765,Error1,நாய் ஓடுகிறது.,நாய் ஓடுகின்றது.
766,Error1,அவன் பாடுகிறான்.,அவள் பாடுகிறாள்.
767,Error2,மாடு மேய்கிறது.,மாடு மேய்ந்தது.
768,Error1,மரம் வளர்கிறது.,மரம் வளர்கின்றது.
769,Error2,அவள் சிரிக்கிறாள்.,அவள் சிரித்தாள்.
770,Error2,குடும்பம் உணவருந்தும்.,குடும்பம் உணவருந்தியது.
771,Error2,நான் விளையாடுகிறேன்.,நான் விளையாடினேன்.
772,Error1,நாய் ஓடுகிறது.,நாய் ஓடுகின்றது.
773,Error1,அவள் வண்டியை ஓட்டுகிறான்.,அவள் வண்டியை ஓட்டுகிறாள்.
774,Error2,அவர்கள் ஆடுகிறார்கள்.,அவர்கள் ஆடினர்.
775,Error1,கிளிகள் பறக்கிறான்.,கிளிகள் பறக்கின்றன.
776,Error2,நேற்று நான் செல்வேன்.,நேற்று நான் சென்றேன்.
777,Error1,நாய் ஓடுகிறது.,நாய் ஓடுகின்றது.
778,Error2,நான் விளையாடுகிறேன்.,நான் விளையாடினேன்.
779,Error1,சிறுமி கதைசொல்கிறான்.,சிறுமி கதைசொல்கிறாள்.
780,Error1,அவள் வண்டியை ஓட்டுகிறான்.,அவள் வண்டியை ஓட்டுகிறாள்.
781,Error1,அவர்கள் சிரிக்கிறான்.,அவர்கள் சிரிக்கிறார்கள்.
782,Error1,அவன் பாடுகிறான்.,அவள் பாடுகிறாள்.
783,Error2,குடும்பம் உணவருந்தும்.,குடும்பம் உணவருந்தியது.
784,Error2,நான் விளையாடுகிறேன்.,நான் விளையாடினேன்.
785,Error2,அவர்கள் ஆடுகிறார்கள்.,அவர்கள் ஆடினர்.
786,Error2,மாடு மேய்கிறது.,மாடு மேய்ந்தது.
787,Error1,மரம் வளர்கிறது.,மரம் வளர்கின்றது.
788,Error2,நேற்று நான் செல்வேன்.,நேற்று நான் சென்றேன்.
789,Error2,மாடு மேய்கிறது.,மாடு மேய்ந்தது.
790,Error1,சிறுமி கதைசொல்கிறான்.,சிறுமி கதைசொல்கிறாள்.
791,Error2,நான் படிக்கிறேன்.,நான் படித்தேன்.
792,Error1,மரம் வளர்கிறது.,மரம் வளர்கின்றது.
793,Error1,நாய் ஓடுகிறது.,நாய் ஓடுகின்றது.
794,Error2,மாடு மேய்கிறது.,மாடு மேய்ந்தது.
795,Error1,அவர் தண்ணீர் குடிக்கிறான்.,அவர் தண்ணீர் குடிக்கிறார்.
796,Error1,மரம் வளர்கிறது.,மரம் வளர்கின்றது.
797,Error1,அவர் தண்ணீர் குடிக்கிறான்.,அவர் தண்ணீர் குடிக்கிறார்.
798,Error1,அவர் தண்ணீர் குடிக்கிறான்.,அவர் தண்ணீர் குடிக்கிறார்.
799,Error2,அவர்கள் ஆடுகிறார்கள்.,அவர்கள் ஆடினர்.
800,Error2,அவர்கள் ஆடுகிறார்கள்.,அவர்கள் ஆடினர்.
801,Error1,அவன் பாடுகிறான்.,அவள் பாடுகிறாள்.
802,Error1,அவள் வண்டியை ஓட்டுகிறான்.,அவள் வண்டியை ஓட்டுகிறாள்.
803,Error1,பசுக்கள் மேய்கிறது.,பசுக்கள் மேய்கின்றன.
804,Error1,மரம் வளர்கிறது.,மரம் வளர்கின்றது.
805,Error2,மாடு மேய்கிறது.,மாடு மேய்ந்தது.
806,Error2,அவர் எழுதுகிறார்.,அவர் எழுதினார்.
807,Error1,கோபுரம் உலருகிறான்.,கோபுரம் உலர்கின்றது.
808,Error1,மரம் வளர்கிறது.,மரம் வளர்கின்றது.
809,Error1,நாய் ஓடுகிறது.,நாய் ஓடுகின்றது.
810,Error2,நான் படிக்கிறேன்.,நான் படித்தேன்.
811,Error1,நாய் ஓடுகிறது.,நாய் ஓடுகின்றது.
812,Error2,மாடு மேய்கிறது.,மாடு மேய்ந்தது.
813,Error2,மாடு மேய்கிறது.,மாடு மேய்ந்தது.
814,Error2,நேற்று நான் செல்வேன்.,நேற்று நான் சென்றேன்.
815,Error2,அந்த நாள் மழை பெய்கிறது.,அந்த நாள் மழை பெய்தது.
816,Error2,அவர்கள் பாடுகிறார்கள்.,அவர்கள் பாடினர்.
817,Error2,நேற்று நான் செல்வேன்.,நேற்று நான் சென்றேன்.
818,Error2,அந்த நாள் மழை பெய்கிறது.,அந்த நாள் மழை பெய்தது.
819,Error2,அவர்கள் ஆடுகிறார்கள்.,அவர்கள் ஆடினர்.
820,Error2,மாடு மேய்கிறது.,மாடு மேய்ந்தது.
821,Error1,சிறுமி கதைசொல்கிறான்.,சிறுமி கதைசொல்கிறாள்.
822,Error1,கோபுரம் உலருகிறான்.,கோபுரம் உலர்கின்றது.
823,Error2,அவர்கள் ஆடுகிறார்கள்.,அவர்கள் ஆடினர்.
824,Error1,கிளிகள் பறக்கிறான்.,கிளிகள் பறக்கின்றன.
825,Error1,அவள் வண்டியை ஓட்டுகிறான்.,அவள் வண்டியை ஓட்டுகிறாள்.
826,Error1,அவள் வண்டியை ஓட்டுகிறான்.,அவள் வண்டியை ஓட்டுகிறாள்.
827,Error1,சிறுமி கதைசொல்கிறான்.,சிறுமி கதைசொல்கிறாள்.
828,Error1,பசுக்கள் மேய்கிறது.,பசுக்கள் மேய்கின்றன.
829,Error1,கோபுரம் உலருகிறான்.,கோபுரம் உலர்கின்றது.
830,Error1,சிறுமி கதைசொல்கிறான்.,சிறுமி கதைசொல்கிறாள்.
831,Error1,அவர் தண்ணீர் குடிக்கிறான்.,அவர் தண்ணீர் குடிக்கிறார்.
832,Error2,குடும்பம் உணவருந்தும்.,குடும்பம் உணவருந்தியது.
833,Error1,கோபுரம் உலருகிறான்.,கோபுரம் உலர்கின்றது.
834,Error1,கிளிகள் பறக்கிறான்.,கிளிகள் பறக்கின்றன.
835,Error1,அவர் தண்ணீர் குடிக்கிறான்.,அவர் தண்ணீர் குடிக்கிறார்.
836,Error1,நாய் ஓடுகிறது.,நாய் ஓடுகின்றது.
837,Error1,கிளிகள் பறக்கிறான்.,கிளிகள் பறக்கின்றன.
838,Error2,அவர்கள் ஆடுகிறார்கள்.,அவர்கள் ஆடினர்.
839,Error2,நேற்று நான் செல்வேன்.,நேற்று நான் சென்றேன்.
840,Error1,அவள் வண்டியை ஓட்டுகிறான்.,அவள் வண்டியை ஓட்டுகிறாள்.
841,Error2,மாடு மேய்கிறது.,மாடு மேய்ந்தது.
842,Error2,அவள் சிரிக்கிறாள்.,அவள் சிரித்தாள்.
843,Error1,அவன் பாடுகிறான்.,அவள் பாடுகிறாள்.
844,Error1,நாய் ஓடுகிறது.,நாய் ஓடுகின்றது.
845,Error1,கிளிகள் பறக்கிறான்.,கிளிகள் பறக்கின்றன.
846,Error1,மரம் வளர்கிறது.,மரம் வளர்கின்றது.
847,Error1,கிளிகள் பறக்கிறான்.,கிளிகள் பறக்கின்றன.
848,Error1,அவள் வண்டியை ஓட்டுகிறான்.,அவள் வண்டியை ஓட்டுகிறாள்.
849,Error1,மரம் வளர்கிறது.,மரம் வளர்கின்றது.
850,Error2,மாடு மேய்கிறது.,மாடு மேய்ந்தது.
851,Error1,மரம் வளர்கிறது.,மரம் வளர்கின்றது.
852,Error1,கோபுரம் உலருகிறான்.,கோபுரம் உலர்கின்றது.
853,Error2,குடும்பம் உணவருந்தும்.,குடும்பம் உணவருந்தியது.
854,Error2,நான் விளையாடுகிறேன்.,நான் விளையாடினேன்.
855,Error1,அவர் தண்ணீர் குடிக்கிறான்.,அவர் தண்ணீர் குடிக்கிறார்.
856,Error2,அவர் எழுதுகிறார்.,அவர் எழுதினார்.
857,Error2,அவர்கள் பாடுகிறார்கள்.,அவர்கள் பாடினர்.
858,Error1,பசுக்கள் மேய்கிறது.,பசுக்கள் மேய்கின்றன.
859,Error2,மாடு மேய்கிறது.,மாடு மேய்ந்தது.
860,Error1,அவர் தண்ணீர் குடிக்கிறான்.,அவர் தண்ணீர் குடிக்கிறார்.
861,Error1,மரம் வளர்கிறது.,மரம் வளர்கின்றது.
862,Error1,அவர் தண்ணீர் குடிக்கிறான்.,அவர் தண்ணீர் குடிக்கிறார்.
863,Error2,அவர்கள் பாடுகிறார்கள்.,அவர்கள் பாடினர்.
864,Error1,பசுக்கள் மேய்கிறது.,பசுக்கள் மேய்கின்றன.
865,Error1,அவர் தண்ணீர் குடிக்கிறான்.,அவர் தண்ணீர் குடிக்கிறார்.
866,Error2,அவர் எழுதுகிறார்.,அவர் எழுதினார்.
867,Error1,அவர்கள் சிரிக்கிறான்.,அவர்கள் சிரிக்கிறார்கள்.
868,Error2,நான் படிக்கிறேன்.,நான் படித்தேன்.
869,Error2,அவள் சிரிக்கிறாள்.,அவள் சிரித்தாள்.
870,Error2,நேற்று நான் செல்வேன்.,நேற்று நான் சென்றேன்.
871,Error1,அவர்கள் சிரிக்கிறான்.,அவர்கள் சிரிக்கிறார்கள்.
872,Error2,நேற்று நான் செல்வேன்.,நேற்று நான் சென்றேன்.
873,Error2,அவள் சிரிக்கிறாள்.,அவள் சிரித்தாள்.
874,Error2,அவர் எழுதுகிறார்.,அவர் எழுதினார்.
875,Error2,அந்த நாள் மழை பெய்கிறது.,அந்த நாள் மழை பெய்தது.
876,Error2,அவர்கள் பாடுகிறார்கள்.,அவர்கள் பாடினர்.
877,Error1,அவன் பாடுகிறான்.,அவள் பாடுகிறாள்.
878,Error2,அவர்கள் பாடுகிறார்கள்.,அவர்கள் பாடினர்.
879,Error1,அவர்கள் சிரிக்கிறான்.,அவர்கள் சிரிக்கிறார்கள்.
880,Error1,மரம் வளர்கிறது.,மரம் வளர்கின்றது.
881,Error2,நான் படிக்கிறேன்.,நான் படித்தேன்.
882,Error1,கோபுரம் உலருகிறான்.,கோபுரம் உலர்கின்றது.
883,Error1,நாய் ஓடுகிறது.,நாய் ஓடுகின்றது.
884,Error2,குடும்பம் உணவருந்தும்.,குடும்பம் உணவருந்தியது.
885,Error2,அவர்கள் பாடுகிறார்கள்.,அவர்கள் பாடினர்.
886,Error1,அவள் வண்டியை ஓட்டுகிறான்.,அவள் வண்டியை ஓட்டுகிறாள்.
887,Error2,நான் படிக்கிறேன்.,நான் படித்தேன்.
888,Error2,அவர்கள் பாடுகிறார்கள்.,அவர்கள் பாடினர்.
889,Error1,அவர்கள் சிரிக்கிறான்.,அவர்கள் சிரிக்கிறார்கள்.
890,Error1,பசுக்கள் மேய்கிறது.,பசுக்கள் மேய்கின்றன.
891,Error2,மாடு மேய்கிறது.,மாடு மேய்ந்தது.
892,Error1,பசுக்கள் மேய்கிறது.,பசுக்கள் மேய்கின்றன.
893,Error2,அந்த நாள் மழை பெய்கிறது.,அந்த நாள் மழை பெய்தது.
894,Error2,குடும்பம் உணவருந்தும்.,குடும்பம் உணவருந்தியது.
895,Error2,அந்த நாள் மழை பெய்கிறது.,அந்த நாள் மழை பெய்தது.
896,Error1,சிறுமி கதைசொல்கிறான்.,சிறுமி கதைசொல்கிறாள்.
897,Error1,நாய் ஓடுகிறது.,நாய் ஓடுகின்றது.
898,Error2,குடும்பம் உணவருந்தும்.,குடும்பம் உணவருந்தியது.
899,Error2,அவள் சிரிக்கிறாள்.,அவள் சிரித்தாள்.
900,Error1,அவள் வண்டியை ஓட்டுகிறான்.,அவள் வண்டியை ஓட்டுகிறாள்.
901,Error1,மரம் வளர்கிறது.,மரம் வளர்கின்றது.
902,Error2,அவர் எழுதுகிறார்.,அவர் எழுதினார்.
903,Error2,மாடு மேய்கிறது.,மாடு மேய்ந்தது.
904,Error1,மரம் வளர்கிறது.,மரம் வளர்கின்றது.
905,Error2,அவர்கள் ஆடுகிறார்கள்.,அவர்கள் ஆடினர்.
906,Error1,கோபுரம் உலருகிறான்.,கோபுரம் உலர்கின்றது.
907,Error2,குடும்பம் உணவருந்தும்.,குடும்பம் உணவருந்தியது.
908,Error2,மாடு மேய்கிறது.,மாடு மேய்ந்தது.
909,Error2,நான் விளையாடுகிறேன்.,நான் விளையாடினேன்.
910,Error2,நேற்று நான் செல்வேன்.,நேற்று நான் சென்றேன்.
911,Error2,மாடு மேய்கிறது.,மாடு மேய்ந்தது.
912,Error1,அவன் பாடுகிறான்.,அவள் பாடுகிறாள்.
913,Error1,மரம் வளர்கிறது.,மரம் வளர்கின்றது.
914,Error1,கிளிகள் பறக்கிறான்.,கிளிகள் பறக்கின்றன.
915,Error2,குடும்பம் உணவருந்தும்.,குடும்பம் உணவருந்தியது.
916,Error2,மாடு மேய்கிறது.,மாடு மேய்ந்தது.
917,Error2,அவர் எழுதுகிறார்.,அவர் எழுதினார்.
918,Error2,அவர்கள் ஆடுகிறார்கள்.,அவர்கள் ஆடினர்.
919,Error2,நான் விளையாடுகிறேன்.,நான் விளையாடினேன்.
920,Error2,நான் படிக்கிறேன்.,நான் படித்தேன்.
921,Error2,நான் படிக்கிறேன்.,நான் படித்தேன்.
922,Error2,அந்த நாள் மழை பெய்கிறது.,அந்த நாள் மழை பெய்தது.
923,Error2,மாடு மேய்கிறது.,மாடு மேய்ந்தது.
924,Error1,நாய் ஓடுகிறது.,நாய் ஓடுகின்றது.
925,Error2,நான் படிக்கிறேன்.,நான் படித்தேன்.
926,Error1,அவன் பாடுகிறான்.,அவள் பாடுகிறாள்.
927,Error2,அவள் சிரிக்கிறாள்.,அவள் சிரித்தாள்.
928,Error1,அவன் பாடுகிறான்.,அவள் பாடுகிறாள்.
929,Error2,அவர் எழுதுகிறார்.,அவர் எழுதினார்.
930,Error1,நாய் ஓடுகிறது.,நாய் ஓடுகின்றது.
931,Error1,அவர் தண்ணீர் குடிக்கிறான்.,அவர் தண்ணீர் குடிக்கிறார்.
932,Error2,அவள் சிரிக்கிறாள்.,அவள் சிரித்தாள்.
933,Error2,நேற்று நான் செல்வேன்.,நேற்று நான் சென்றேன்.
934,Error1,அவள் வண்டியை ஓட்டுகிறான்.,அவள் வண்டியை ஓட்டுகிறாள்.
935,Error2,அவர்கள் ஆடுகிறார்கள்.,அவர்கள் ஆடினர்.
936,Error1,அவர் தண்ணீர் குடிக்கிறான்.,அவர் தண்ணீர் குடிக்கிறார்.
937,Error1,அவள் வண்டியை ஓட்டுகிறான்.,அவள் வண்டியை ஓட்டுகிறாள்.
938,Error2,நான் படிக்கிறேன்.,நான் படித்தேன்.
939,Error2,குடும்பம் உணவருந்தும்.,குடும்பம் உணவருந்தியது.
940,Error2,நேற்று நான் செல்வேன்.,நேற்று நான் சென்றேன்.
941,Error2,அந்த நாள் மழை பெய்கிறது.,அந்த நாள் மழை பெய்தது.
942,Error2,குடும்பம் உணவருந்தும்.,குடும்பம் உணவருந்தியது.
943,Error1,பசுக்கள் மேய்கிறது.,பசுக்கள் மேய்கின்றன.
944,Error1,சிறுமி கதைசொல்கிறான்.,சிறுமி கதைசொல்கிறாள்.
945,Error2,நேற்று நான் செல்வேன்.,நேற்று நான் சென்றேன்.
946,Error2,அவர்கள் ஆடுகிறார்கள்.,அவர்கள் ஆடினர்.
947,Error1,மரம் வளர்கிறது.,மரம் வளர்கின்றது.
948,Error1,நாய் ஓடுகிறது.,நாய் ஓடுகின்றது.
949,Error1,கிளிகள் பறக்கிறான்.,கிளிகள் பறக்கின்றன.
950,Error2,அவர்கள் பாடுகிறார்கள்.,அவர்கள் பாடினர்.
951,Error1,சிறுமி கதைசொல்கிறான்.,சிறுமி கதைசொல்கிறாள்.
952,Error2,நான் விளையாடுகிறேன்.,நான் விளையாடினேன்.
953,Error2,அந்த நாள் மழை பெய்கிறது.,அந்த நாள் மழை பெய்தது.
954,Error1,சிறுமி கதைசொல்கிறான்.,சிறுமி கதைசொல்கிறாள்.
955,Error1,கிளிகள் பறக்கிறான்.,கிளிகள் பறக்கின்றன.
956,Error1,அவள் வண்டியை ஓட்டுகிறான்.,அவள் வண்டியை ஓட்டுகிறாள்.
957,Error1,நாய் ஓடுகிறது.,நாய் ஓடுகின்றது.
958,Error2,நான் விளையாடுகிறேன்.,நான் விளையாடினேன்.
959,Error1,அவர்கள் சிரிக்கிறான்.,அவர்கள் சிரிக்கிறார்கள்.
960,Error2,குடும்பம் உணவருந்தும்.,குடும்பம் உணவருந்தியது.
961,Error1,அவர்கள் சிரிக்கிறான்.,அவர்கள் சிரிக்கிறார்கள்.
962,Error2,மாடு மேய்கிறது.,மாடு மேய்ந்தது.
963,Error2,நான் விளையாடுகிறேன்.,நான் விளையாடினேன்.
964,Error1,அவள் வண்டியை ஓட்டுகிறான்.,அவள் வண்டியை ஓட்டுகிறாள்.
965,Error2,மாடு மேய்கிறது.,மாடு மேய்ந்தது.
966,Error2,நான் படிக்கிறேன்.,நான் படித்தேன்.
967,Error1,அவர் தண்ணீர் குடிக்கிறான்.,அவர் தண்ணீர் குடிக்கிறார்.
968,Error1,நாய் ஓடுகிறது.,நாய் ஓடுகின்றது.
969,Error1,மரம் வளர்கிறது.,மரம் வளர்கின்றது.
970,Error2,குடும்பம் உணவருந்தும்.,குடும்பம் உணவருந்தியது.
971,Error2,அவள் சிரிக்கிறாள்.,அவள் சிரித்தாள்.
972,Error2,நேற்று நான் செல்வேன்.,நேற்று நான் சென்றேன்.
973,Error2,நேற்று நான் செல்வேன்.,நேற்று நான் சென்றேன்.
974,Error1,மரம் வளர்கிறது.,மரம் வளர்கின்றது.
975,Error1,கிளிகள் பறக்கிறான்.,கிளிகள் பறக்கின்றன.
976,Error2,குடும்பம் உணவருந்தும்.,குடும்பம் உணவருந்தியது.
977,Error1,அவள் வண்டியை ஓட்டுகிறான்.,அவள் வண்டியை ஓட்டுகிறாள்.
978,Error1,பசுக்கள் மேய்கிறது.,பசுக்கள் மேய்கின்றன.
979,Error1,கிளிகள் பறக்கிறான்.,கிளிகள் பறக்கின்றன.
980,Error1,அவர்கள் சிரிக்கிறான்.,அவர்கள் சிரிக்கிறார்கள்.
981,Error1,அவன் பாடுகிறான்.,அவள் பாடுகிறாள்.
982,Error1,அவன் பாடுகிறான்.,அவள் பாடுகிறாள்.
983,Error2,நான் விளையாடுகிறேன்.,நான் விளையாடினேன்.
984,Error2,நேற்று நான் செல்வேன்.,நேற்று நான் சென்றேன்.
985,Error2,அவர்கள் பாடுகிறார்கள்.,அவர்கள் பாடினர்.
986,Error2,நான் படிக்கிறேன்.,நான் படித்தேன்.
987,Error1,அவர்கள் சிரிக்கிறான்.,அவர்கள் சிரிக்கிறார்கள்.
988,Error2,மாடு மேய்கிறது.,மாடு மேய்ந்தது.
989,Error1,பசுக்கள் மேய்கிறது.,பசுக்கள் மேய்கின்றன.
990,Error1,சிறுமி கதைசொல்கிறான்.,சிறுமி கதைசொல்கிறாள்.
991,Error2,நான் படிக்கிறேன்.,நான் படித்தேன்.
992,Error2,அவர்கள் பாடுகிறார்கள்.,அவர்கள் பாடினர்.
993,Error1,அவன் பாடுகிறான்.,அவள் பாடுகிறாள்.
994,Error2,அவர்கள் ஆடுகிறார்கள்.,அவர்கள் ஆடினர்.
995,Error1,மரம் வளர்கிறது.,மரம் வளர்கின்றது.
996,Error2,நான் படிக்கிறேன்.,நான் படித்தேன்.
997,Error2,அவர்கள் ஆடுகிறார்கள்.,அவர்கள் ஆடினர்.
998,Error2,குடும்பம் உணவருந்தும்.,குடும்பம் உணவருந்தியது.
999,Error1,அவர் தண்ணீர் குடிக்கிறான்.,அவர் தண்ணீர் குடிக்கிறார்.
1000,Error2,நான் விளையாடுகிறேன்.,நான் விளையாடினேன்.
